<?xml version="1.0" encoding="UTF-8" standalone="no"?>
<medirec-export>
  <doctor>
    <id>1</id>
    <first_name>Alice</first_name>
    <last_name>Smith</last_name>
    <specialization>Cardiology</specialization>
    <code>DOC001</code>
    <medicalRecords>
      <medicalRecord>
        <id>1</id>
        <patient_id>1</patient_id>
        <doctor_id>1</doctor_id>
        <notes>Routine annual check—normal.</notes>
        <created_at>08:22:17</created_at>
        <updated_at>08:22:17</updated_at>
      </medicalRecord>
    </medicalRecords>
    <appointments>
      <appointment>
        <id>1</id>
        <patient_id>1</patient_id>
        <doctor_id>1</doctor_id>
        <appointment_date>2025-05-01</appointment_date>
        <reason>Annual check-up</reason>
        <appointment_status_id>1</appointment_status_id>
      </appointment>
    </appointments>
  </doctor>
</medirec-export>
