<?xml version="1.0" encoding="UTF-8" standalone="no"?>
<medirec-export>
  <medicalRecord>
    <id>1</id>
    <patient_id>1</patient_id>
    <doctor_id>1</doctor_id>
    <notes>Routine annual check—normal.</notes>
    <created_at>08:22:17</created_at>
    <updated_at>08:22:17</updated_at>
    <doctor>
      <doctor>
        <id>1</id>
        <first_name>Alice</first_name>
        <last_name>Smith</last_name>
        <specialization>Cardiology</specialization>
        <code>DOC001</code>
      </doctor>
    </doctor>
    <patient>
      <patient>
        <id>1</id>
        <first_name>Eve</first_name>
        <last_name>Adams</last_name>
        <birth_date>1975-02-14</birth_date>
        <personal_id_number>PID1001</personal_id_number>
        <gender>F</gender>
        <email>eve.adams@example.com</email>
        <phone_number>+421900000001</phone_number>
        <birth_city>Bratislava</birth_city>
        <permanent_city>Bratislava</permanent_city>
        <street>Main St 1</street>
        <postal_code>81101</postal_code>
        <insurance_number>INS1001</insurance_number>
        <created_at>2025-05-04 09:22:17.990436</created_at>
        <updated_at>08:22:17</updated_at>
        <blood_pressure>120/80</blood_pressure>
        <weight>68.0</weight>
        <height>1.65</height>
        <bmi>24.98</bmi>
        <doctor_id>1</doctor_id>
      </patient>
    </patient>
    <prescriptions>
      <prescription>
        <id>1</id>
        <medical_record_id>1</medical_record_id>
        <medication_id>1</medication_id>
        <dosage>100mg</dosage>
        <frequency>Once daily</frequency>
      </prescription>
    </prescriptions>
    <recordDiagnoses>
      <recordDiagnosis>
        <id>1</id>
        <medical_record_id>1</medical_record_id>
        <diagnosis_id>1</diagnosis_id>
      </recordDiagnosis>
    </recordDiagnoses>
  </medicalRecord>
</medirec-export>
